Feature_1,Feature_2,Target
-0.7352010347632466,1.798725018351312,56.56375548362969
-1.6135613978767411,-1.3719011429313563,-30.554304264549003
0.651391251305798,0.9540017634932023,70.91485702834397
-1.3505559643429832,-0.6870140996994973,-54.87553601751089
1.5541604207147741,0.34233783448962146,0.29351192626858175
-0.8369207037962799,-0.9163209190734197,18.743755697183545
0.5219415656168976,-1.3204566130842763,-66.23264201922738
-2.0755880090785332,-1.2284438312657626,-86.82430385412069
-0.10434279298689192,2.814654444472553,131.8954898243978
-0.05310680169691065,0.7638603516334226,30.513581726725402
0.7793490039053323,1.2496189052966666,16.76939851429847
-1.1793691216326172,0.46248362406685406,32.57894413315126
-0.44643361455052827,0.1866091231563581,21.728692141977685
0.924027019206901,-1.251113576385303,-58.90702452511158
0.22899639245934025,-0.7331561971099966,-11.19825587958987
1.0240625258114624,1.2083662305931424,126.84229114991729
1.0269862633197322,0.2125740306322149,65.94735228961785
0.25972250172148187,0.048084946661381994,-53.108342005992384
0.2010990467149675,-0.05761879703358539,57.46968678320907
-0.12951724686344077,0.5835443030118876,73.75395807187188
0.12320480678448567,-0.1758858124323366,9.15310200106186
0.8861911885847956,1.3510728924131392,13.391290934651188
-0.6724855960063362,0.032407013340136216,18.35892436702584
0.5500520990245519,-0.2246331499970246,-10.631377558438919
0.7688396759688968,0.04930833152022263,27.76317761349749
-0.221253623585772,-1.1032083657216831,-53.47752981831929
2.165002344901084,0.45588777208160763,59.51737106179413
-0.6813802350695739,0.43221669075925395,-13.796497086577329
0.8925973382993092,-1.9701038177118355,-80.57619588331359
0.8584511166566653,0.651136241823657,0.3125335974613126
1.0062928092144405,-0.38455554422982535,-27.955790763347327
0.04852162794482699,-0.863990769679816,-62.254511074145306
-0.03850846950070721,1.0786808334312956,65.0885135961268
-0.6277339060845056,-0.2116669819311769,7.034271613359154
-1.551512249058929,-1.3331283547778066,-84.02899242286375
-0.56060763684731,-0.12765468151819012,-40.473699484692126
-0.7153037092599682,-1.0777447779293061,-32.714175386731924
-0.5615577463306254,0.22668424849459717,-51.428435913318545
-0.38769991640856116,-0.8049664808525608,-57.69969370381566
-0.6057149230033384,2.1573082132655035,104.91391785163489
-0.5923559556520536,0.885231482988991,11.42651897407341
-1.0766791274710135,1.220282896417717,54.33008666437941
2.5797093376543185,-0.08828204835125482,-47.098835581126124
0.5914421517518549,-0.3240681752089702,-0.9861514236805107
-0.38817681854122876,-0.30246968648812833,-39.312660749468684
-1.9511018640386248,1.2189707897936632,62.29044666651427
0.5779785236395572,0.6662696720435232,-19.64056719930314
-0.07566560432583026,-0.07397286359437803,-53.76971058411813
0.05194588580729943,0.7276295436369798,33.829900465596964
0.6955377575657775,-0.387099702474401,-28.7834392863228
-1.3810446031537749,-0.7859860326349823,23.586820074387447
0.224216404290793,-0.5865312695639355,-18.456909735528292
0.31917451041918043,-0.7521564055905832,-64.83819528764654
1.5945050632249722,-1.4400508825942944,-88.25163361488839
0.47263034584340563,0.018016872044446585,-20.744922335632936
-0.8583577801812136,0.1848361236948739,67.1214866431486
0.10744437434089255,0.41768075223940065,15.4446226842159
-0.30317978283427544,-0.01941960588773261,-9.249155185629025
0.6577631761503737,0.26561699317253346,26.533928524225985
0.8080361894020714,3.112910201043841,157.23526605244945
-0.600638689918805,0.37569801834567196,3.4526388431303277
-0.21560957856802238,-0.0070449854805546995,-33.84275703167786
-1.4026052717996935,-0.6629009175509482,-39.88549862369762
-0.0033744574109520514,-0.8181988834223072,-30.2002384288231
-1.4769249275319014,-1.0973683189710666,-66.70356130629422
0.7153813154412441,1.114321694668872,26.08377288955007
-1.6127158711896517,0.6862601903745135,42.632073946606916
-0.5975101946916416,-0.2515388860444957,8.149725715069101
-0.5849076534177698,-0.8463597198869729,-53.325726460686305
1.6871416350725648,-1.081548003614395,-90.18749188610398
0.22526411724754952,0.01840163078343813,37.31313409280697
-0.14994071907910936,-0.4629395120252583,16.331209188260637
2.062524919243145,0.42359906559346105,-8.760595532329164
-0.0681234251679531,-0.9665878909853152,-62.23717354973004
1.1254347844147694,-0.8696630812746944,-55.76575436341185
-0.7469232850701676,0.0861108682589779,17.08854624739377
1.0235306441853447,0.1566937282465246,74.92931203012375
1.5007597906343109,-0.4281151609659125,-70.32913733565118
-0.4068852445043747,-0.23591652931212392,13.877670888217363
-0.37058276240078286,-0.15936223214590656,-18.22400916463497
0.00511345664246089,0.26105527217988933,-6.0241712969175465
-0.1681438185847896,-0.620847598251116,-57.1171583834116
-0.45209033283308037,0.8823330623234091,41.09177097086642
-0.19050310599781134,0.6404797952008238,30.195491871001526
0.2544208433012131,1.1677820616598074,52.678135025159975
0.3485951198609804,-0.8792827824119881,-5.999938823266262
-0.8561698406617501,1.665351917623531,59.864649384760426
-0.04865235157045115,0.34378788154988543,-25.424291298380446
0.27658150559104877,0.4197056083572659,62.27184715432211
0.324359281721603,-0.9037018607301281,-30.303412336137022
-1.356581804623405,0.2935579321666293,2.7057771304771094
0.8811467208133691,-0.5779207768327106,-43.116700145546446
-0.742484232538384,1.341475915530881,77.37972798175862
-1.8316822472060261,2.067906338163552,70.44087434514685
0.5008444749444569,0.6380511014407572,101.0471658172777
-0.3286184757489846,0.638391925608383,37.960292298287406
-1.422974925261673,1.036087651046256,31.41844232576454
-1.8593367716600575,0.7978437798957666,17.720799740923237
0.29964768783734813,-1.6158867874104728,-56.18832720196434
-2.390304367469438,-0.5969742867210739,2.2175778040415355
-0.22096417382966393,0.8773622905756714,61.67418731431569
1.0706105599791862,1.649480894323921,82.10808152120083
-0.016422896072752075,0.2237879516388985,20.694571637239683
-0.061764199860128925,-0.24149744587077882,-22.045240005207873
-0.8082657216409264,0.08531814256502405,53.72399102334982
-0.5305011476105275,0.7575077100473051,36.800872061023455
0.6197387847028687,0.587855888137735,20.631276268382756
0.3569727592669261,0.4096361186839937,20.563599119907387
0.44381942814622843,-0.7076694656187807,-12.528549769926418
0.28872366282502326,0.7324921027798023,62.738814587218606
-0.7353034606819523,-0.5244481362626519,-27.12813053160646
-1.4785862457798415,0.7708651938869668,1.1200119717377408
0.2579759812211809,-1.548960525053475,-79.33467894501909
1.0857863249393471,0.4676931717654332,2.966583872199224
-0.14720527868559727,0.2867741123825862,15.404017127678282
0.22749587573205374,1.6095206657759729,60.24730267775455
-2.5623336587953105,-0.9943493746085122,-54.897060237764066
-1.2767485758203094,0.27157883719537346,17.846169380312332
-0.09662367001488972,0.15805348992013185,-23.003368204309318
-0.8153756283161211,-0.6382827265284942,-38.45913518327018
-1.0565576427602528,-0.5289777080640152,-41.702158180507645
-1.1958830620351844,0.3946715298229811,54.89998019972212
-0.9245641143780999,0.664927162301741,50.65497265579684
0.0953441994413082,-1.5648027713620551,-87.79171177998515
0.14304876987895235,-0.16212397547985843,-39.9020444963023
-0.9403989164843533,-1.5821767633461272,-71.95846892133285
0.16805980596682024,0.3216785413765001,1.3500058931471361
0.45353430151397983,1.613711269058647,98.82774034768686
-2.0903028988531567,-0.6506598273683837,-17.258793725364907
0.32782117284308526,0.003375506597160999,-52.18513095650033
-0.561842099351699,-0.5294669635070083,-55.66613779187648
0.15449366559525113,1.127908993253569,41.13168349560878
1.813407698515423,0.30698107268623775,28.781175680320462
0.1263141994832002,1.2725701629285695,56.39825949596782
0.7828737349485725,0.21273977585766032,-2.361237024307066
-0.6891878180895679,2.0752608726252655,125.14805695095038
1.23000057271915,-1.0263692076658921,-37.76116807052092
0.09284490114111471,-0.5487249077409615,-63.74320103514098
-1.542801515209646,0.7640297815728595,-8.619281974344203
0.7660802783846903,0.30179189981946597,0.5712569663738054
0.07959786237603639,0.13429649724779288,51.25978896758414
1.8314587658543537,-1.3202332070206422,-57.88423724439487
-0.803948414727481,0.6594512411136115,6.210533136916311
-1.1896666590903613,-0.6353623888256293,-50.17015096734608
0.9458696436841456,1.2554036094598964,47.76416969507445
1.044160877069072,-0.48943944251822213,12.180405143130216
1.4415686206579004,0.5298041779152828,17.173562661142906
0.7211353625455816,0.8814075289235711,12.463466191000485
0.9843223984765838,-0.998354040738791,-15.374121651218513
0.28099186773503265,0.5883172064845765,-18.548010677735327
0.15946250680412918,-1.2172826922204794,-113.48611628258826
1.5232386217122582,1.667224111551137,65.93800495372699
-1.77623523289832,0.14338846734225108,9.168201207493276
0.6454841811410754,0.7462535660272207,10.229002580816656
0.23924686411114954,-1.0727430257398065,-70.51613564293282
2.601683114180395,0.24075317948856828,58.6869634668418
0.9163276747024814,-1.9982006845321076,-94.29031103686921
1.1395555360254692,0.0798014840587331,14.83061266252893
1.6122782579886454,0.9528745472029388,56.37565183777876
-0.6819842479977986,-0.24717738252059693,-55.20745844725863
0.6135179727304166,0.1200313267182613,11.621588705707165
-0.025574312191994436,-0.5089636257074988,26.816688854554208
0.5740712208940013,1.5898389781806839,65.68022389375841
-2.0173387981224113,-1.2203206899439758,-86.35392559919066
0.7318707042882956,-0.3294477863470914,-12.03989192213984
0.1946074552372427,-0.622649361734452,1.0998186526188483
0.9003985883950636,0.8301918118626102,17.244047360935078
-0.4532484090230134,-0.14778031881747153,-42.22701031526288
0.8135096360006385,0.8254163489880298,45.72498347370007
0.28869362927985703,-0.2500465145989528,1.1219246780199676
-0.7991920066502536,-0.6459641791245353,-0.596310365805202
-0.9846547848472624,0.12626773623406817,-33.77605422769852
-1.1962066240806708,-1.1063349740060282,-58.62135875435489
0.1353383478922909,-1.0921212003485672,-86.43126380296641
0.6789312900592783,1.5905820726178503,92.94166831711617
0.6952029000839993,1.3705361439967134,59.329878895306926
1.100959634998571,-0.2860042218801108,-81.85363699333607
-1.5304614097433769,1.558789184496894,77.89895055362416
0.784002779310748,-0.0059547092127293835,-18.283169544748368
0.6116762888408679,-0.6769220003059587,-35.825617010201896
-0.11453984525261789,1.3538723741654128,32.21536288958118
-1.0921636327180897,-0.5892716517893062,-8.84992798215727
0.544220352340347,1.2949855848169558,85.55848544981328
0.8303358165442456,-0.8498443694647918,-43.764311813910915
0.4824724152431853,-1.0708924980611123,-56.37767267998007
1.7654542402810969,-0.6533292325737119,-54.27943049981762
1.1797252083607102,-0.23052462518025083,-39.262089859968455
0.5689830791852754,-0.5535882417079946,31.419512010342565
-0.7079109406740753,-1.395448504755072,-56.8377013444516
-0.10325476014904739,-0.828497024780246,-39.54489555864054
0.6986888135170435,-0.5898923177556078,-47.41428264371906
-1.0909664302151982,1.1267051368275833,52.81817437294773
-1.2457173764463845,0.9184544439424138,53.79594235126597
0.8614365256328049,1.1058330662947127,47.91345938280871
-1.0065425652796411,1.3175975356079597,57.28136880650704
0.26256132900192497,0.8743891807127275,16.037533355691515
0.08669769941439658,0.347561613803552,-2.041989353702757
-0.4622752887050425,0.09612077694098337,0.7580199472223459
-1.6834381922209503,-0.20922187374452778,3.2592847464426824
0.7608466543114778,0.8875039674140593,80.35019776868174
-1.366878698415421,0.9343199112392737,-28.568150488132797
2.270692857804396,0.6327818661062848,30.18520744611959
-0.6500239344068982,-1.496529255090079,-110.6250479324922
-0.3135296861723979,0.3674816654743044,74.47712189109464
0.2773584619646759,2.042076040143744,64.61697660369737
-1.3230897934074983,-0.6389617476895022,-90.99858431093514
-0.9594392367234797,-0.22648409884983192,19.8630361558622
0.5609194479412387,1.598647170504717,57.1453529946295
-1.2968319479558466,0.18102155870370695,39.85513285600093
-0.3732682459413141,-1.027403551526011,-68.5637949855224
-0.05152292852464606,1.0600897399086655,16.613955860771725
-1.5031429531181062,-0.2595913513636048,13.83938589249193
-1.0710536796490489,1.235782191822154,62.064462450147026
0.840620026504553,-0.5047749212282174,-38.045873840994446
-0.13216935564437185,-0.5898947564628909,-37.95936844309424
0.3336621052869483,0.47897982574639186,8.030747857019119
-0.8000385643976464,-0.20298063739565708,-51.88298179448673
-0.3431922754974105,0.26912694124510733,8.367192789742967
0.5044832563830169,-0.6108576398050658,-23.41211804350244
0.3090474430326539,-0.12334406404611045,-37.78160829946394
0.018819049740598424,-0.37630072492499606,35.998552045246015
0.8135172173696698,-0.3220615162056756,-9.949146275847792
0.3230792731160291,1.6246784584695606,60.22532521832606
2.0923872756854602,-0.8182206832334725,-24.04574807066759
0.5581395145185063,0.04351466864346608,21.63763185780828
-1.4789115687741288,0.3918040054025465,-37.79919007138453
-0.7050118557584089,0.4190190093660452,22.093718558707884
0.9695690257529068,0.7899197221808523,60.912864260444664
-2.0634031524794545,0.5032520647495048,-21.461190786979017
0.31978193414253697,-0.6013676439512137,-46.88396434251078
1.195480650825479,0.2766007655111807,1.5384018577468241
-0.44004448669698376,-1.4301413779606327,-54.44603426536867
-0.9075636620415979,-0.23894804686640975,-7.124739348548569
-0.6237689606958051,-1.0534155631736561,-45.21435254064892
1.0760071385985983,-0.796025856803489,-57.02313034548623
-1.042044412243103,-1.2032008553891445,-42.97126403957913
1.1096998419562232,0.6347214685617699,43.639784196626934
-0.006521315229458062,-0.20149153394751798,-18.27448433183717
0.6802302084176292,0.551885971822154,-3.113187159133128
-1.479444223139724,2.303638752104789,132.4426300305558
0.2678436378663333,-1.1534924259847839,-53.072868914407394
-0.09858813228426173,1.41093237974627,47.65437250270096
1.2784518626072987,0.028744822934817487,5.014623686370725
-0.8320613048498566,1.991553302204734,70.06482671253838
-0.9186865114860944,0.5555126463422483,18.174314783206963
0.7903718960517113,-0.2797601684958344,-8.428761223568909
0.9552692372072055,-0.4841184945848177,0.12059639679004519
1.2795186697601588,0.4243939378610126,16.698317249573186
0.13988723283912738,1.653617268492285,71.36529860983802
-0.2453881160028705,1.8967929826539474,114.45330771253279
0.8840453963610497,-2.4242402602729416,-125.36344659602527
-0.8612842013282637,0.0773683076476183,33.105163018970956
-1.8665399513606162,-0.6004235657387051,19.118754790435073
-0.014098965906671578,-0.8456731044941129,-50.94048762335315
-0.4442932600761116,-0.9787637157823074,-68.29165491262374
-0.47383934707091613,0.4240610444640897,11.567244892382867
1.0299608175811612,-0.643549832317462,-33.01023950403739
-1.0916251721591026,0.20953423026279433,24.8699070545981
0.19808476076785494,-0.024125087110003277,3.483725923499807
-0.6498268854974364,-0.47741070619280046,-6.317847468641059
-0.45965677227299695,0.9189148546583293,86.03937439598351
-2.198805956620082,-1.448013900416244,-41.462681301570065
-0.9425580057918763,1.669069525826331,79.14974565111028
-0.32602353216784113,0.8711247034316923,85.66152723885708
-2.650969808393012,1.5039929885826886,66.92801264988078
0.36728731340134063,0.8080577982811451,40.756051074018586
0.1979166673420755,-0.6668487169515637,-31.685583104796773
1.4926885689595217,-0.8031789506803448,-13.005060140781636
0.8113965544915921,0.8297324178791745,35.41069313201667
-1.405189846803575,-0.04889718347410554,6.718632703494448
-0.6115178029919482,-0.7553829323533225,-49.34708613161694
0.09806753953894455,0.6686548047579066,61.08048986103722
0.1458364702153839,-1.4326712897396527,-93.07845105125539
1.1945922205137307,-2.1899217049785533,-109.54080108705473
-0.5293321124483709,-0.09338685889994829,4.685417954070765
0.8968393158655319,1.6122206282554243,72.15150571957135
0.17183933979353122,0.8902475008365087,30.05656185922578
-1.4247481862134568,0.06752820468792384,21.923664275368047
0.4147728907887909,0.00161903135694112,26.89312740112561
0.31852100479887446,-0.950910729687232,-26.597387996539695
-0.8756182533847572,-0.1903386780836082,-18.754445009571732
0.23286808742689824,-1.2445425000847228,16.10667713472049
-0.4547947173776929,-1.890010171182943,-94.62435509829118
0.7228268949855121,1.184256645196173,96.0446253867822
1.1947628618769377,-0.2841550979287972,-24.62459416685055
1.2000789564268612,0.21128369227947272,-36.88145891288734
0.9826831427699412,1.229990368438683,68.66544763103873
0.41299891213779755,-1.58358838978758,-123.03834088190722
0.9715709509543554,-0.2489641484790735,58.99883577081388
-0.4432822511915103,-0.933267959073196,-51.64798396705801
0.39445214237829684,-0.4325581878196209,-41.24373602448962
0.40171172209894146,-0.1087601484568576,28.976557976602052
-0.7677975651041284,-1.0041407667520679,-91.28917277547679
0.1825010305992134,-0.04489303012253698,-5.634381232468238
0.2215584736242106,-0.11348064588214118,12.575592953023778
0.032004149065766624,1.5615111967268527,96.3027551441769
0.23402445435314795,0.5530400858523584,64.53821014125948
0.5681032051286461,1.4473056993918065,68.64859844555622
-0.22247489677826537,0.12617790366196718,-16.714832534653958
0.36163602504763415,1.0035328978920242,68.3308761240963
0.4004813865063287,0.17775010626803134,33.60513416023008
-0.4070363129267805,-0.9539394193966448,-26.34602600990526
0.2553837556743171,-0.9254246260595873,-61.40606029421147
-0.07443342910004629,-0.24751863555150475,-60.40521335428703
-0.45709625658627184,1.66125921454787,104.81227042995623
1.1168337755299542,-0.23950192202174977,-22.242647701604483
0.1895816165987434,0.5010941699398452,46.607393391228285
0.39379729821625153,0.3687331473175197,39.79819164736389
-1.5625458568865427,0.5159392177040995,15.482993917746525
1.1727568452674448,-0.9046143749937661,-48.334731938542966
0.8232799156777053,-0.8130143722601298,-40.530537391023984
1.9234457948249533,-0.5482002981667726,-43.819857787866226
-0.07783719701280203,0.883109777147159,1.0585847071873014
-1.1388331177807691,0.6222071440434019,43.288482311374196
1.2753907379990148,0.2647753109779796,54.841672455575164
0.1488768039176911,0.53102609489421,33.78777364802449
0.20965941527462578,1.2389463529394373,97.33314118518703
1.3890243629627617,-0.22565638071225164,16.180732084142697
-0.4430440211284823,0.6979032725390276,50.82618389521272
0.02538842054241018,-0.04541121793223822,4.495116502545032
0.9638791167949097,-0.14700200162848862,-11.499926003168646
0.41293145427562433,-0.32138584165299344,-32.94369048226172
0.09767609854883172,0.01259240078179486,2.5341522295775025
0.6354180302092264,-2.0038623644067535,-106.87432274517356
0.2034636358672231,-1.6064463202575725,-100.69369150333421
0.4217800742508709,1.2912738390158789,53.48790444027526
0.961987189071841,0.4486357645145273,43.38495689749437
-0.11066536855732945,-0.7121738641760436,-35.43375863291408
1.6994359830087096,0.9005330773315916,42.5336414919652
-0.3494393272169559,-1.3327773974796497,-28.921218737448054
0.4865016438262019,-0.07049877805909122,9.57092592294213
1.1539007342557472,-0.41142660711600243,-8.709301468111331
-1.2829922241885696,0.07682189106025536,9.780561659606674
-0.7001208149391732,0.132969674146876,0.6818499638099196
0.213979910734222,-0.6997255079925856,3.7467551327199247
0.5150476863060479,0.5137859509122088,22.48880677333738
1.0560568090660518,3.1377485336599937,121.4958216737529
-0.1344967844017327,-0.039307287627631186,-15.059748000038804
-0.9224101844985025,-0.3917581490438219,-30.295622647743244
1.5655240292343404,0.37721187506452086,-31.137700703611483
0.501782736167545,0.1600182258527877,-3.020550505096702
-2.132595626154836,0.2810092502818063,-35.6255132328723
0.7796605322693398,-0.30803428418574125,-34.64459938280668
0.38343503140364416,0.49470565377503245,-5.699242293013265
-0.15083771156669531,-0.46580556911816284,28.753395009121647
-0.32267983884213575,1.5013336519554867,35.55299089073762
1.2382830714336357,0.5863640187550933,-3.32397835857269
0.9592708260852069,1.4511436077950417,84.66849157501792
0.2502002062516945,-0.3839712719523516,-18.519268983575483
0.2806364044901364,0.996858773465808,59.34096845080106
0.5533889830744267,-0.8451539584261589,-53.099951994898824
0.8201581867554845,-1.1430193120737286,-17.70865136753271
0.0917607765355023,-0.29900735046586746,4.176001332086546
-0.22979963057519381,-2.219300372747535,-91.73815506828934
-0.6414815952229522,0.5161782871149584,47.16873539201234
0.6241198170521551,0.7916626939629359,39.175877630949984
-0.8256536828021421,0.44477380783159476,37.53749392141324
-1.308820399119112,1.360658595838651,68.98371022799286
-0.3084827884558197,-0.21701705042437042,-49.26560188700206
-1.0257526836402773,0.216624975404619,-1.3214325382587284
0.055724912288694604,-0.12578692009964815,-37.87729317991972
-0.7837535211244283,-0.2885486958757048,-50.26940338799207
1.2065089665083568,0.14671368643332283,7.527020028557685
-0.4263575962055433,-0.7517910500951843,19.87694413457976
0.8929538701087693,0.8936976893891109,43.64369485084969
0.014688194729197093,-0.1340171666729177,3.7957716816669054
0.33802348110170816,1.2769653860881878,31.807499609538016
1.1223742187031596,1.534482101794515,42.39719839712261
0.5345056484805503,-0.18319661872038787,52.468122793273125
0.9356783931474612,1.7522704434236227,48.680332010981225
-0.31305803052315434,0.35561334878566,51.83010490770589
-0.6078752606758179,-0.8372624310497003,-72.23300876278246
-0.4511588584089988,-2.832155598110569,-147.11044150516213
-0.4500128579958137,-1.1300693390403578,-42.60073857026593
0.019381237698025213,0.6455877121741934,27.684176330020016
0.7083038472010638,1.188913371474643,82.87841445175768
0.9039348410861953,0.4365598041576678,-62.48876211111718
-1.6167133749480143,-0.034550623953963515,2.685978626683451
-1.237815498826849,1.586016816145352,88.20297376872647
0.5027844268951942,-0.14896930976729691,-73.07873023972118
1.277676821898509,-1.5341141707356223,-79.63525159326281
0.5054701591666269,0.47635776935621926,18.07438705463233
-0.10960980392583083,-0.4363858905265686,-7.4938497398446575
-1.1212437400943918,-1.9955317804517385,-77.02004643228702
0.7090037575885123,0.19652116970147013,42.18261203073923
0.3411519748166439,-0.0771017094141042,-36.35835699007421
-1.1071568168024517,1.2960630617813962,53.20668411086241
0.45768658605355206,-0.6068651778571754,-107.80311468470225
-2.0503574572842003,-1.9493717553224232,-100.2105765251595
0.5470973811700379,-0.5915713888358299,-3.207912560539177
-1.0773760769847582,0.8794170411374032,74.28464469611632
1.2788658133133932,0.22228985580085406,26.79815380031924
-0.9627325652846123,0.1704637709965709,8.702552909415552
1.1218578562304709,-0.9823035803773146,-51.21507848208948
1.186734620177331,-0.712220763649051,-47.11673763395999
0.5697672802322039,0.4567532191537839,49.45012466579191
0.743264094022715,-1.348185422105713,-91.5407266293027
2.0565435648295414,0.606850593215671,44.61159244722665
0.33126343140356396,-0.3092123758512146,-14.40858016943309
0.3436182895684614,1.0571222262189157,29.267490615906077
-1.0325239035275395,0.9413105807674833,64.9736212481007
0.7094518171390395,0.1904996797790664,-4.351401998539959
0.12029563171189886,-0.1423794850212935,-15.251336700892018
-0.6994952201676432,1.471034690817104,57.78992959203838
-0.9933586995819507,0.21209335307417523,0.24270626819911478
-1.7476365098282616,1.7120402840178925,84.63066495676031
-0.01208894784605456,-1.4511756900515589,-41.07305832796792
-0.28744751940035557,1.7246966497611085,104.75948314164529
-0.19692180799688955,0.7319555025098458,3.7111753931891016
0.7510994545073101,-1.9754877712171375,-129.00491153541242
0.0678555105274033,1.281016361735113,67.18778495407452
-0.1599385299634271,0.8576596232020194,70.58012850659146
0.24608361531640882,-0.941022700666379,-14.101941058546208
-0.8682609615983323,-1.0861262991814098,-57.07833970097632
0.513907849658915,-0.6777449705248515,-17.728588215529538
0.7600559636896026,-1.5047203740310022,-98.01174645559722
1.2557561255735208,-0.4787486216634773,-26.410297108018614
0.9191541736100015,-1.19363683175648,-33.952773476017434
-1.443604262169765,-0.9500634974661272,-44.3154635254654
-1.5137143926128271,-0.7084067669104628,-13.925092955113135
1.4816634024625988,-1.0589075870566005,-18.258698978009797
1.6654744444625766,0.9826909839455139,64.08014540269315
-0.9266983088473107,-0.41299782214343406,-21.838879268288718
0.48074457976798396,0.09988695440921298,-28.26253010370689
1.0581183250871502,0.6386601686431024,46.482597484575486
0.07268052432934134,1.3183023248526693,41.04531580091436
0.9753124584779789,-0.5014021468856367,-65.604221965437
-0.8022772692216189,-0.3427145165267695,-55.56032289172423
1.0960699074773985,-0.732968899123759,-18.6068039999575
-3.007632339693757,-1.5656480316055963,-56.49419610518015
1.1260502507721681,-0.029262813684978354,-6.902112981452683
0.3483417392461269,0.3440539215634665,-6.386979128390374
-1.2899608997410539,0.07331796718840389,-5.776156668698728
-0.9885911071509175,-0.09833962679474989,-34.126097269766575
-0.5164296438875717,0.4547409121411344,32.7945597665134
0.04693490206036963,-1.9782252493748103,-109.16044068114952
-0.0350076100062359,-0.9899577925520139,-56.92763869157394
1.987275999230808,-1.3683150388328105,-97.35959429343848
-0.049029340838036735,-0.81240234893742,3.627710300852815
0.9504238381860503,1.8761708392158862,95.88572414720018
-0.23093453020867796,-0.05429486651781221,-62.460423741712745
-0.7837656655863965,-0.234407800316322,2.3153337509702463
-0.5830774385689385,0.8604734883597454,56.87376779054782
-1.7033824393551547,-1.3801014582148914,-31.536366618889957
-1.123494033239598,3.152056734512085,198.96476622257168
-0.6056155397368641,1.0399046873960764,21.281902393475583
-1.024186824329205,0.6308116845547775,48.579234997748685
0.3842020720058965,0.6719446078144975,15.594597402131267
-0.5388418561927383,0.26044226333355597,4.652564719727399
1.2718924219386565,1.0703651602299298,36.67661565374774
0.6504500925361392,1.4015985929464294,85.44203466872428
-0.4586386361010845,-0.5893322314273619,-39.281817928039985
-0.9730689408815555,0.11958036841415326,21.820295167795553
-1.2376624223272978,0.4822489526806572,39.07956414014465
0.681359510442948,-1.1022921498364233,-46.32862566058795
-1.1996975283653082,1.0697714549838502,72.301302375562
0.7717961772356612,-0.8873294588557712,-19.922539881577887
-0.09605989972464987,2.5600845382687947,104.46838673805168
0.5436001545944323,1.1727290192593647,30.59732265155092
-0.8903178480198718,-1.8437935834807457,-73.14236090946325
0.8474216771504216,-2.172669546014036,-80.65809660647874
-1.5839028234857233,-2.4238793266289567,-152.82867345521572
-2.839078659485427,-1.1511537365528692,-70.15768916587714
1.643378155804534,-0.3202978045366419,-65.43347689630927
-0.10594835430413566,-0.46531045678005334,-38.079987737286295
-0.04015795064434341,1.8009404329108156,92.60869494168148
-0.06418416128881928,-0.3613105619672905,-74.12655827983143
-0.3856726309778482,-1.3346106069102326,-52.32371631712327
-0.4694743859349521,0.7674347291529088,57.26084744564936
-0.4545477187434442,0.13192796677195706,-25.806862763159646
-0.32034730819432017,-0.48388583405432156,-31.03053486492985
0.026091050210833786,-0.6248185776956788,-80.0697036381002
1.1818910929599615,0.4875602970867186,20.752692441746255
1.42274813609994,-0.13427916218630415,-65.68421948939461
-1.611567359102828,-0.3464265060068996,28.770329997611206
0.4572804046152411,0.08199555641356042,9.168018053615194
-0.8392096673390064,-0.3649527295428853,15.604584129653508
2.0750650393485417,0.4964001177339411,33.07755105144995
-1.3386057997232488,1.4532606633210343,65.91757781010296
0.6103702654334648,0.7472936051232618,3.490315888148725
1.5781180575621845,0.21471318317052634,7.505646379901754
-0.3212427661179117,1.7388513518533313,59.98771586836816
0.861636124497944,0.07814306296964744,-25.08010769012276
-0.7597031174802871,-0.782003492511037,-23.791371790324273
-0.194908280352681,-0.1512732836535117,-16.59272999670344
0.8764556455029355,-2.1523835446091804,-106.16209348356949
0.6276062975618311,-0.8744356483399182,-21.2665496315684
-1.1913034972026486,0.4738329209117875,44.306045207842395
-1.3281860488984305,-1.9596701238797756,-108.48971217416073
-0.30372602877666466,-0.6581164890752567,-39.57967603979536
0.5040465155178444,-0.9857260463355437,-25.191845485164492
-0.5327254982169035,0.3243402100148682,44.681522718102386
1.631856899089109,0.20232879642280202,20.052574041841392
-0.12402138738999703,-0.5694497744921104,-60.73099397515235
1.52100622715938,0.46667098196608103,58.985848946010556
0.4240668615184512,1.3522026788671444,58.91047110300612
1.4288577078135674,0.17847666388538974,-37.22752221020096
0.4753656106920102,-0.8523867660741036,4.371410854838023
-1.5811907020321334,0.5087250232299338,-4.613242887196836
-0.39963618561460235,1.7269638512334051,80.52760221923502
-0.6122367345077503,-0.33130838318332273,21.721463164393263
0.4523717962497339,-0.07964139124571515,25.736650634342606
1.5886269280435958,0.14098269961206,-1.2938808964105337
0.8657551941701215,0.5049872789804571,4.432015409998564
-0.5176925728692147,0.696167997159289,16.56021528726033
0.5578103063518622,1.3902075490173134,76.13439816152487
0.18455130319703697,-0.5642475986573886,5.806907694445712
-1.7787202489042786,-1.244654703311417,-32.718427059238536
0.37405656984757213,-1.9937356425714554,-67.3956377368209
0.1994239859867671,0.7547332980678092,16.06381559422004
0.5522999376795232,-1.232523314768509,-71.81376255981628
1.3728484746765302,-0.18039168176240783,-20.37302293561454
-0.21910052880886424,0.32692737376416264,58.90882040968705
-0.966156723370417,0.8728243510056346,79.01415855783895
-1.222895019555564,1.9203675021442612,148.0816954981598
-0.32789471651291785,-0.009300321138614417,16.39543483174679
1.0213832954293984,-0.5647740041709423,-38.781941381782715
0.5059655534558652,-0.9645377949101913,-72.58396798780934
-0.543424771133765,-0.03275327021599839,-23.23211509674745
-1.0021874557814727,0.04091917539572113,-25.716549449400397
0.39069592092814415,0.3405892164004968,31.45810067460102
-0.045586016355497805,-0.6919080698812444,-86.46688366925653
-0.9697437196346744,-0.9855396007209299,-66.54668721909165
-0.4713157211511179,-0.5655763678739903,-7.964461715930913
0.570507208354516,2.184096733380456,87.16398381130861
-0.5663945912147232,1.8205439079418155,53.30674339753237
-0.7239903317426091,0.5913492417584003,0.008429285085118865
0.2871241652018242,0.9531366339132451,65.61633345348386
0.49774308909139425,0.23007075919140207,36.641276056661916
2.01527511046064,-1.889649292096153,-71.56356391775277
-0.82688035403986,-0.877982586756561,-42.730627705553204
0.6833289928110694,0.03793783544760203,3.6229749674477207
-0.5522230442809712,0.4714155563864041,-8.68770734494926
-0.07016571145864703,0.4591800792284367,50.98940932260746
-2.0858978777333372,-1.0084487325473497,-31.81873314528678
0.2952799406208684,2.0420696529278803,58.75909507789657
1.1401490385212665,0.49822174849678513,-4.08485857931473
0.5705986685931593,-0.6626237589458467,-44.76244581016554
0.21930233720043607,-0.8963326585920618,-21.670824420800493
0.22391413406466143,0.5524899544171478,31.507386189674577
1.0536417966078395,-0.9758732529773327,-86.67568103751393
1.2004139079444254,-0.9716140385106515,-60.45634936508223
0.29219272832637316,-0.6677795564688862,-57.77228506860234
-0.09884520123930605,0.19548173155329082,27.040107690011858
-0.7281719009698155,0.0828325705180999,2.298666995737502
1.8876876573401904,-0.41360553342164424,-63.208331474534134
-0.016610342325908987,-2.837506441397379,-112.77798004232777
1.0305805856240573,0.5107920885275947,39.32011207048128
0.5002404694365699,-0.06100397185538355,-22.526228225913236
0.8377642215465891,0.386382653848061,-11.646347410921779
-0.42930222451725997,-0.03703679704841202,-36.996711129927256
-2.081929407883722,1.7547941819843647,63.93057406221706
0.007063158628176452,0.04977368718096008,15.026954677879882
0.3896045240919878,0.1158245872269461,5.663184425676571
0.6709112482768751,-1.1200474224698722,-80.06947551556227
-0.2646568332379561,1.4535340771573169,81.27861780933573
0.6863535550145331,0.4892545350763276,9.036506410313395
1.0324652605511468,2.1221561970126332,96.13691659595767
-0.13944627568099954,1.2038844371688162,57.9909229278151
-1.830632896856457,-0.6540756831274238,-66.88265656920055
-0.7728776678236091,0.9475264621228578,57.2154001192075
-0.18315047105329468,-0.048088507330772585,48.57425069226266
1.1618783026081905,0.07005216311318138,4.6385463340752455
-0.5846177306571996,-2.0870270186020687,-102.36506254205037
0.24395319790850026,0.1733416643704082,5.153621953016303
0.756788679986982,-1.5355721232071058,-52.86615835154087
-1.6728939013115742,-0.24907184465304072,-51.78412489278686
3.0788808084552377,0.3112501545435361,20.587453171822347
-0.6654222981294605,1.2809395766667275,32.567070270668445
-1.1533505105959594,-0.9455068799427312,-26.18323193260384
0.18106274277108234,-0.8852486861242225,-42.75037236172591
-2.4980610174929394,-1.0584406336416528,-56.05545701523569
0.6159356069442637,-1.0810633275998973,-30.945569626352288
-0.846793718068405,-0.07282891265687277,9.578130840224674
-0.33078922432755736,-1.1036698285303692,-16.474199771169417
-0.5583017539460305,-0.6172531865469232,-3.4832164251564017
-0.18144906924751675,2.3079162506161106,164.98671802154146
0.14693529838668778,-0.03633060804234174,-31.571722657786495
0.152354872033722,-0.5240883979345925,-39.06263988275288
0.8949243769444413,-0.7184072655691974,-69.18947976357731
-0.42688106994742003,-0.15800789857898942,-9.953165775956766
-0.5976676832548571,-1.8210860692944963,-63.63817052309804
0.010233061019587049,1.1631637521549596,48.93519532224967
0.32445860435251705,-0.4817659710934752,10.1520032846412
1.9114190871397234,-1.0708524186844388,-96.21638307740052
-1.8206033005485172,-0.5703513664136806,-27.027231257056638
-0.1131280525157404,0.12307820165618115,18.01182263843565
-0.6028206557839616,-0.099094300241269,-24.056116150305726
1.0800560591393102,-0.9642000714232447,-86.27122552699588
1.5284684264125317,0.26859227886325693,26.445501722759243
0.4581681147886987,-2.128734094414812,-98.75378526464416
0.33417641724489744,-1.2417605754816243,-53.08224805999293
1.41418728833109,0.5873916998060122,59.424988327803064
1.029413100955326,-0.25276325509618536,-31.001719705716127
0.5432980290363879,0.12229750303228377,1.1344138398271582
0.3123782104665717,0.3733485597113982,-4.580777367005533
-0.35802937974698623,0.4912076654119963,7.635073045825157
0.41055008532761655,-0.057390703001542406,-0.034678791579622725
-0.16306696394376388,-0.8818746512277178,-27.191253795877188
1.4521176991825604,-1.2291835978004162,-58.11406185430791
2.1422703586118637,-0.02435459226098284,0.5775180796403498
-1.3993061748019415,0.49986412374037137,46.5673581852931
-0.9175028210142636,-1.1225448062444139,-11.862623037479738
-0.553649305347182,-1.035242322419374,-64.45203901972094
1.3511140899867151,-0.3756336657655356,0.2491228617328627
-1.1165244399486591,-1.7073579575929467,-60.04422505377575
0.19473619471877485,0.655900776529761,-13.361742142291943
0.09965136508764122,-0.5662977296027719,-2.815517133764364
1.7611881248673737,0.3616610612470166,48.350189821673595
-0.8353470532597573,0.27899416222380197,25.132085336362923
-0.9080240755212109,0.3142473325952739,-7.752861482060999
2.0236062192296393,0.18474057889572446,8.359567190713637
0.7760279138434754,-1.317131919946585,-74.68897158374479
0.9694572005267368,-0.8661748482145009,-25.945768447721072
-0.13958962815517376,2.0883747047807275,60.65164132000847
0.37114587337130883,-0.2030453860429927,-7.77266740745425
-1.913280244657798,0.24196227156603412,1.2268805220113688
-0.6176416769336966,2.2816518365388427,120.61855612216225
0.6234071382799156,0.04556388114189831,8.06886672452502
-0.6946003691631446,-0.45909031021899177,-22.32094371608383
0.3241663524884421,-0.31026675659345604,-7.237795943309835
-0.6095122021592831,-0.30522470435466764,-52.6921647698931
-0.37144086599579146,-0.34268759408034877,-31.602698364718208
-0.9811655311396816,1.1941094030473725,17.896553748349465
-0.5397596803093615,0.34758170536167105,18.558475883440074
1.0495527153193351,0.6351718016819695,59.82683568203964
-0.514782674914742,-0.09482423128087224,-46.77869467778064
-1.2391070756539009,1.5490201514951873,61.54179836178082
-0.4482246163001494,1.2528426344274837,49.59997650611115
-0.24066517453021302,0.25719897035592737,10.945106264985146
1.191707497107065,-0.15024298879825998,-5.975331273595703
0.41960997202411815,-0.09445871444200275,-13.06533912193006
-0.7157599891107518,-0.06717829004935526,-30.63117297254268
-0.35084943007647457,-1.9495617177543672,-77.26426531518973
-0.0332299906444608,0.10855970577652314,-14.230239049053107
-1.2390527025266425,-0.10343122429028392,46.69471156327036
2.271449745422796,1.4891131083282896,48.03253942544532
-0.1421465369405461,0.5904220612514635,23.511200257505582
-1.911640550651757,1.6786746733725662,71.49129218892243
0.8128621188389601,0.30729952087660933,17.63920215879876
0.7591551603026468,0.541462728204788,-26.392245823364554
-1.6453987469568918,-1.389572466763596,-54.648163924167356
-1.5256563145700948,-1.7608088119807759,-93.22180760129373
0.3824097461840506,-1.1227220215622986,-45.484420891077384
-0.6537663386488198,-0.9057323008626189,-36.70354429572379
-0.535316712567659,0.4961991873633163,3.2075565099327665
-0.14760258629866868,0.32316771418478146,-17.230759961137572
0.1920491164900316,0.39331783939437187,66.00127935628234
-1.2094769354188053,-0.30085974714082625,-37.760877881886174
-1.5486182988637467,-0.1767741631157821,-23.79652142578495
1.4104591452035038,0.08382662792936094,33.00842392884205
0.2337859117907477,-0.7699732310586418,-57.42176256801454
-0.8275902206487197,-0.3670278390833223,-5.384155232469753
-1.1171864617070024,-1.9670697035871523,-64.70083983547283
-1.1939250063990554,-1.1267674689098053,-74.97146967962568
-0.3079615296390403,-0.7924199209999613,-54.900324640951695
0.020793707675407894,2.0574954697116987,92.24872565067476
0.5348173363459102,-0.8866809222834573,-51.775810655122854
0.19405194360587402,0.3207857259326839,33.60495126097106
1.5230298564080254,0.6476885381006925,30.664710234523625
1.1535903433169254,-2.1056469418403245,-100.1757455066182
-0.42018681709585726,-0.5228600271532683,37.384838173713575
-1.3510743662080213,1.2446795807367868,103.7655021886469
-1.8707919210258557,-1.008086310917404,-96.99663338125643
0.543479378670093,-0.8463159774657358,-9.366220727224139
0.028318376130461172,0.6815006973726244,48.40986351678764
1.2816437950037687,-0.31771509675623405,-30.335577802322316
-1.4018510627922809,1.4027943109360992,51.533135609660846
1.355637858804951,0.8696059201056602,39.0290670250625
0.13069002446438233,0.94881309647162,105.74215289667565
1.490726136849952,-0.213442870930208,40.87270789887285
-0.8798143535020543,0.5628808601743548,83.91858265117872
2.1898029332176723,0.18334200573835174,15.361971332723442
0.41379909745149823,0.6337768809320985,12.368764059745974
-0.8568518651277993,-2.854626662904391,-124.807517115172
1.0251091525817735,1.9483426447898131,114.1491078974129
0.015618333949603047,-1.405567019178642,-84.40258987460174
1.4437646040732595,-1.251539424190444,-52.85333949638453
1.5985381120963413,-0.2598001407675125,-30.860685467448967
-0.06259312789952241,0.10420110395187607,22.775672534450717
-0.39767969361460404,-0.12372894627483615,-28.970503123215217
-1.3944950688592617,0.7565646749131401,43.608510761913806
0.5268979236657937,0.9513062442994834,41.560148959040994
0.23225369716100355,-0.6800247215784908,-17.992677614561117
2.218780233448134,1.6259589153620633,100.61302365313063
2.076747983560841,-0.3216350512173826,-20.713589136977557
-1.1430049127304835,0.6387302220291846,72.56471886724803
0.6592456684324051,-0.8170886310681906,-41.90256226754315
0.19259691873130513,0.06936980265806943,25.57413157889643
0.9725544496267299,0.632407739055521,30.163390053391065
-0.48536354782910346,-0.23681860674000887,-12.15657974865501
0.0976703767483354,-0.856498237409199,-55.98978830349809
0.9503075919735757,-1.067802921579193,-94.62519893968589
0.07715649621771674,0.4283166923752375,-0.9013193404818374
-0.668144085538994,0.9192289345752035,15.452436527875552
-0.7309300399419191,-1.3793192280145272,-73.91725102096567
-0.2628908292082677,-0.01926037973439464,53.750295619045644
-0.27999330187447974,0.4281862478105761,42.33768317315748
-0.36361221221385587,0.1503017614618776,24.54200064025229
0.973101561015072,1.159381043300522,61.58789497385118
-0.21113023882769444,-0.7191533192424201,-84.97455115823911
-1.3631740045928105,2.0243096232868525,76.23047915817129
-0.5041798310076715,0.31965182591897723,-0.33705153267961463
0.6549755842216898,-1.9685042134380537,-71.5191925843562
-1.169916835710288,-0.5327008396619114,-34.75849055578358
-0.05020461704174478,-0.29967664800678706,-43.78263931901333
0.594754341665286,0.5639091200523596,91.76939061880769
-1.0551076754804494,0.4802605014059249,8.315323823600654
0.5667717261841796,-0.11480224875906367,-33.51874521754029
2.0997217891665154,-0.06613261462582246,-1.16871520566721
0.3696421921980939,1.1731246375866413,62.86535142356303
-0.9483480042242007,0.5972282182533848,-6.02659324225856
-0.9206735930793662,0.5387559924463692,25.784497269913913
0.8623934723827588,-0.6267172245899651,-74.56947174963543
0.1986800095474069,-0.9849931258170151,-70.23463781110448
0.08840688629184736,0.9553052085705107,45.87969587378406
0.2606737658239071,0.4940301862827388,19.907741273201896
-1.0147594931858521,2.0860470495371137,84.95284426301544
0.4441983272906719,1.3845320475939062,86.63629818397074
0.058022734808395225,-0.04282338131157488,8.243489116652157
0.058208718445999896,0.1537251059455279,7.063586285948704
0.23070090571868349,0.020886488295961788,31.653707027940133
-1.2926253471522626,0.2078025073533134,19.281523970699418
0.7189533106650667,1.185704154662997,51.32044850252146
0.597400069849858,-1.2276078151369925,-15.78753505199536
-1.1115802495135512,1.466540859278603,84.15478507748632
-1.9080021371233076,-0.7999405067019342,-6.14064811405029
1.3508523306990055,-0.758765257935375,-48.29929777671496
-1.4084612963635597,-0.7043436905427592,-23.543099881636422
0.4182057558879721,0.4258436586298291,2.028082470892639
1.2292147842970504,0.1786947168104756,-11.610179735762701
0.7579218499236196,-0.7309562757154733,-34.751974017566546
0.5629692366905709,-1.3985675738191412,-8.55373300850244
-0.3570292008066094,-1.5178737466808094,-89.33156991124947
0.2243396567780826,1.0743180127155614,56.314237807115326
-1.8363597837703973,-0.26864575330974255,-11.147140284562058
1.8071966436378852,1.4509275482792119,43.12323532063158
-0.29175863225853715,0.7595148874861078,45.535121199317075
-0.3596296724524624,-1.7858664919341112,-83.97821226607329
-0.3883469383011584,-2.00745686074501,-94.48740153230614
1.0237095461069814,2.012270445700765,125.56802250742022
-0.42924442029866183,-0.2666523292344148,-19.164118049009318
0.7175422557959623,-0.26940683444455776,-74.72798590126801
-1.86653661707306,-0.7168223206028049,-46.37404066975507
-1.2932729578711637,0.7197579421481819,63.29185220591929
1.4436320034688142,-0.493122822399772,-39.98593021222394
-0.2739930818293042,1.5628887685081978,35.658693403227275
-0.87847380134206,0.5008315910042116,46.38271419242038
-0.8449414385934964,1.0094717885959688,25.200824603979246
-0.6520888885930607,-0.8476339286190848,-12.896584739866888
2.5115565515844236,0.3467099776049199,-23.414317325935706
-1.167779551267935,1.4769344261182744,44.246161640594046
0.7835896647986067,-1.8518427315746586,-79.75610212668616
-0.3748220566218061,-2.9069882193216414,-128.373217652296
1.1906462747863413,0.43693816974634986,33.4616436966908
-0.48827384245154465,-0.6298845523638104,-68.77334275981626
-1.2883076174635377,-1.276304416538336,-22.93322770411004
0.3113086734428849,0.19729226563120644,19.988397771447733
1.1356201471829441,-0.23655528721894603,34.577712644341574
0.47347189903522846,-1.0211624575603002,-28.83001373943675
0.28328787154614216,0.2011596558728393,15.933238281683485
0.20760335140062577,0.9577916144729056,34.658907690421216
-0.5297602037670388,0.32875110965968446,23.778162465006755
-0.181224173218103,0.7441919714999368,15.45037807096869
0.6153674840130534,0.738810480887503,43.42287388138027
0.6934789119139937,-0.8627757640431206,-41.03998459839715
0.6585442726728304,0.334456789987025,19.770683321330367
0.26426827164563654,-0.11464083550639245,-21.193127485169278
-0.637739984251316,2.4553001399108942,128.17621409931937
-2.296180953137238,-1.4438548161335418,-58.26332753997548
-0.413465161123276,-1.3260476860820383,-44.14119754212743
-0.3164084496948019,-1.092312764672579,-18.088548664049323
-1.7863754653546866,-1.6380290574360168,-23.916596669377164
1.5091310134045506,0.18568858041873892,-1.1979535731490127
1.0587285298838789,-1.6685992588781953,-24.13778983907277
-1.6394841625254342,-0.22954865536034708,4.327381155870745
-1.0147567306928669,-0.5816809139486437,-41.12127496899656
-2.169677417725702,1.0768481446576803,63.00698049532766
-0.38502181171286365,1.3883377782084478,53.088802137422675
-0.09917586377938291,0.650201177958661,20.535880226023007
-0.294455757588034,1.119244917564096,26.859010106194482
-0.1449045790814313,-1.5375847964491753,-65.42939636899155
-0.23401985910698136,-1.2575778589146163,-93.0440334573781
1.1692955904456728,1.066674689589154,68.64403255668543
1.3286408282482312,0.10940847183297006,-43.19210920784392
-0.4166253056154625,-0.7160434362758403,19.753191710793203
0.1579743122514517,0.827115428565768,56.09366059971009
-0.09170602414512598,1.4244958212469476,66.27355985082391
0.3116528560047783,0.38130961226478466,62.40848955297399
1.1428228145150205,-1.168678037619532,-57.80754632580827
1.4532754760425446,-0.34730228895784293,-14.878243503904336
0.3227185603380895,-0.2886586389201383,-38.6456026720645
0.6220699903060487,-1.3122191934314063,-27.400482088322118
-0.9399031011088647,-0.7691423497872982,-75.4393330422998
0.22054142701386686,-1.10486279306252,-42.81315664618628
1.0826910538870733,-1.5473039889383655,-83.76625358871999
-0.5260348426675804,0.49201884799279927,45.5189408963135
-0.30356432526591504,0.02620475277403566,31.50519930117524
-2.4263920705352082,1.2840957939481172,66.37250087683141
0.9983108981479604,1.5213160519224513,81.76465135793471
0.48937456122791806,-0.5245202662797737,-33.26566858990202
0.6663125009092119,-1.148794035158656,-50.35359265095726
1.0584244868495878,0.6860514599984393,36.51099123860123
-1.5327005598899308,0.24300472205439969,42.91913573359067
0.24380071377119883,0.7083564472993533,11.985827732455252
-1.2110161997624567,-0.06607979864731657,-21.442330255993284
0.15175799224874037,-0.31984752325484395,-3.0558426169207595
1.5774532797634744,0.24938368371075526,11.74601252280859
-1.0952705188428047,1.2024512479830722,72.58084947482003
0.9553005582377528,-0.8892408282283243,-29.196585152095473
1.4273053642892164,0.6523303381766798,-1.7865096642620752
-0.661786464768388,0.18645431476942764,-28.216994793797177
0.38632331781156,-1.151014083619507,-53.19075429552957
-1.1306153349375263,-0.7582820688875902,-54.43206044410057
-0.1891203907770335,-1.3303136257389898,-71.17544450132722
0.25755039072276437,0.17457781283183896,49.61423930235817
-0.8874921778021001,0.41953244390702776,29.225467861868097
0.9567023167945841,0.7081086766885905,28.148831504485592
-0.3276621465977682,-0.7020530938773524,-14.684212534997155
0.4810092317367132,0.725766623898692,29.40524930854926
-0.4888494217862741,1.543243528272189,121.92853388616311
0.05119790188108534,0.04522270899998256,21.79016141208413
0.54090851856099,-0.3849428884100812,2.1851363023111308
-0.2590421458207031,0.23878915902651351,38.6517183850449
-0.718444221252436,-1.4074637743765552,-88.71608891185329
0.4735924306351816,-1.0623037137261049,-73.65729797304074
0.13653533108273744,2.013387247526623,89.01041813785542
-0.36283856043965906,2.2988981236192503,119.57163064564759
1.0487071264165635,-0.7557915001583629,-34.834441431048845
-0.20035257779416388,1.356583385827982,62.45602045019933
-1.189232465077129,0.29724427338012405,2.428518747507437
-0.7345915767980492,1.1647393544571714,28.04226711348731
-0.25495579355369785,0.5488838353173644,42.52857621082182
1.2395840064415615,-0.9181269834165748,-74.06429271083218
-1.0797363212758484,-1.3585740152574743,-78.51089734567496
-1.0243876413342898,-3.2412673400690726,-167.16226033466586
-0.3011036955892888,-0.11564828238824053,10.636120249959589
0.49568188797260465,0.8700677306887542,37.331544647456454
-0.9822940342546795,0.4535087125544674,-37.35417586429305
0.3958197810959231,-0.17909328501615626,-2.7257838341128044
0.8901984111247868,-0.9242331442683044,-54.88095709464888
-0.1416485860101269,0.6855897462984164,21.72327238737577
-0.09791524644290406,0.5222506360177785,63.3755222349982
-1.3459796802467485,0.8712972974572442,42.29610820453645
-0.17435425790283585,-0.02355215087423812,-3.0469480261283177
-2.6042138566271342,-0.42076179368105326,-0.7268743034933989
0.09933230542922587,-0.977555244798551,-26.173895663989555
0.5859042011646491,-1.4068150094975382,-57.01072126345235
-0.21220896990115168,0.07203686128374476,41.18543647024849
-1.3971181851129912,-1.28716356858425,-35.22247255871448
-0.18689615816198485,-2.9911359709007233,-152.06084251126066
-0.04347694981386243,-0.22939074406802776,35.305951780824884
1.2235688824186275,-0.053120653017545344,11.300357085647697
-1.3554475031122892,-1.7938924978678903,-134.84334867297378
1.1628385775349859,0.8431053323232401,81.14547776469519
1.1792971840638264,0.11567463429285867,20.078235958689312
-0.2716551103260533,-0.5466800845872654,-41.026314902542055
0.08228398927542419,0.889630795623437,24.317138379392446
0.3361449630262288,1.0071333364731596,47.564632599191484
-0.5138669173366935,-0.9398797863273552,-24.159398968408073
-0.6500025808234597,-0.22485598180807856,-20.301810395652286
1.494938227453236,-1.7312013034449254,-83.45547034030272
0.14506374595938162,-2.018487864388638,-100.51341443135975
0.39913611435207086,-0.5449190868089497,-20.23131316289357
0.19484234027013805,0.46027162498230384,20.021961545883048
1.2897527540827456,0.38115838488277776,5.057786575709473
0.8384907744516419,-0.006070911539893324,50.316291983816
-1.7025836042378404,0.40825275571447184,4.478996467853347
0.16048962397348007,-2.0864776583710847,-91.7770163606348
1.1873860515647512,0.985729995679863,47.53760280512366
-0.10322175293249623,0.3904648499288896,32.62922646547849
-1.5642416117110514,1.9764405845154855,96.88645232186582
-0.02230028371805305,-0.2215132629521239,17.00826185799114
1.1243533598705027,-0.062191016999311004,5.423436410033265
0.8913036868697555,0.3379575282321183,1.9623067680474042
-0.7666565877833479,1.9925153531681183,108.16584333861648
-0.9355962987624259,-0.589112132781127,-21.576043659300534
-0.35316629281068834,0.19438430157733602,21.171290796871087
0.4929864585144592,2.196223142152799,83.14519800884376
0.6713400764504657,-0.1601327955666404,-37.92054811699623
1.311693449272661,1.6350663945275195,88.71299759304311
0.7034279167873088,-0.9741218462163683,-75.5027989768216
-0.6526239793023909,0.8406435489887241,29.26863471963351
0.9817654869915943,2.2524358053443088,108.52997661612932
1.5646436558140062,-0.03582603910995154,33.85601942056288
0.19655477651157463,1.4469778843537329,67.92401836394936
0.9331280723410693,0.33260751032419755,1.7758280102029511
0.0341524174880246,-0.6757080791616118,-34.59680458113897
0.21539650545628794,0.7682072166317373,8.244338395264368
-1.1065259087416703,-0.26888869055483056,43.05806352765728
-0.43676423723821745,0.8260471714415063,27.309740374433304
-1.3717431292635056,0.9788895585567792,17.3579624337993
-0.2188662517356257,-0.3033500674771342,-10.632223092372584
-0.7557451594928447,-0.17495975669540864,-2.2719348878267827
0.6105857452838231,0.3801978510059632,-4.258773726477459
-1.6019658118971685,0.0754336389015928,43.41708548886526
0.1973157074055956,0.08865759096143744,48.19540940522035
0.8970661968871322,-2.205566057099069,-119.42708625465674
-0.6269670577877674,1.77080063563551,71.18694206399317
-1.5537587660160643,-1.0718572330401555,-38.18785619336738
0.4734074157124664,-1.0461210850625042,-67.8613957358956
1.4765403497258958,-1.5763921569842494,-42.15817202848735
0.591814133741378,0.6728612359668199,31.46548321421649
-0.5711789897827968,0.6408428612670098,65.08836406337701
0.45060341286253885,0.5723903111756757,5.539471359840647
-0.6516003476058171,0.045571839903813784,-6.1500196294776135
0.49097495163825133,1.6073455760199926,81.0461613741774
-0.525755021680761,-2.123895724309807,-115.64371414103545
-0.6078219870944325,-2.1218548990085946,-76.15758409016512
0.647195939702741,0.39922312260527926,-21.50103559850185
-0.8505204542093001,-0.20902325728602528,-31.390578048803434
-0.5376457577798165,0.36016418394576694,-4.523769828450369
-1.2096947428411076,-0.14408755572161547,-52.87359219752062
0.9863765059059371,-0.24638340251454802,-5.400818024872215
-1.7397137787780996,1.1487657003721035,8.932195639075506
0.22445181855997204,-1.4643748802098202,-60.212551332228685
-0.5844552918504382,0.8089192693927194,22.820106074995312
-0.08912003951278841,-2.0674421000398766,-83.38620213927877
1.085895565831578,-0.009118996644203544,-19.34426490882101
-0.06418817710849775,-0.19469729611668168,-8.61231748580107
-0.35141423571373254,0.02390304328495547,24.68009464711986
0.046980593764742055,0.005243699718183166,-46.634083491181585
-0.5069431753711298,0.24496657110872277,-1.3827053865501497
0.32950873557300914,-0.5698329282387588,-42.677631341203316
0.38961417737090387,1.8709651753717822,26.879871365489166
-0.12373268009975662,0.37006111526895535,9.564544319448647
-1.3659557112005343,0.6835693232004776,66.96486961719265
-1.0577109289559004,-0.013497224737933921,23.570539240917313
-0.7355299425897666,-0.9039076414647897,-71.28593972761728
0.2965769385303051,1.149672018878747,34.2703624304593
1.053802052034903,1.083051243175277,62.19905456807411
1.3454200461549777,1.8820244964750337,80.73749589807167
1.3668742674445247,-1.5151910621985523,-120.6541552202692
-1.7485319732381808,0.793488720552213,48.91230951678093
0.26739231407190295,-0.29027454418865134,4.7317383005122515
0.42934082280173436,0.7105491022977853,71.77748409415499
1.6744924333475373,0.4577728661518858,45.3437848101715
1.6291663649009451,-0.965664803523208,-76.98614523499923
0.8496020970210246,-0.5893647569442115,-35.31802575688131
0.1847104747810833,-1.2549226680022925,-31.127294047658417
0.9235086160473687,0.7979945496122363,43.12824233401653
1.1890165311075518,-0.6373871273065177,-43.5559961012801
-0.13263374638257355,1.8998819348952156,93.810666755586
-1.1254890472983765,0.2799686263198203,19.177554767091063
-1.17223375343664,-1.0425776946705763,-66.29153838945865
0.5906548306923093,-0.35929209078705954,26.73870016037498
-0.3405987069098615,-0.2725447213618092,21.26130355508266
0.20726732939894396,-1.0039573720814985,-94.19414670253039
-1.1033666061738736,0.5079913269125437,-28.0213076096624
-1.3650217954266353,0.0340080962281468,3.2474760390304187
-0.6469367777055739,0.05963036992017413,44.377825540787185
-1.0040545968420103,0.34980002456790754,68.21517377990911
-1.2905614219462187,0.23855495377373917,-2.760612775888926
0.10248464215820753,-0.844324037183071,-49.736893309648316
0.7441857103150346,-0.23596998721097162,-19.724765386995912
0.000682818957482628,2.049812095785926,58.798649534015524
-0.9680457585102453,0.37976763604089603,31.23215849252265
-1.1302037246739238,0.09337237427665124,-21.102496277200103
0.06167984984797165,-1.015821818978397,-29.656830893865436
0.12557645347154225,-0.15005558703252672,17.592495318019445
-0.37231905293792283,-1.8831502080585838,-110.95982562761797
-1.060605066396601,0.05225849049748321,-1.4776385377020027
0.42548993324023027,-0.336254738681072,-33.88354555061151
-0.6315777291653314,0.8953554307625996,37.61393173978118
0.9495945713644882,0.5483196275544987,13.56303849534148
1.1785126897984228,-0.005560293648070566,-28.39666821224623
1.1126883749899252,-1.5223591862178911,-112.94116123256491
0.7109599682034915,-0.3748208075495975,-2.6748928293894814
0.9514492770580866,-0.062004009366031745,43.88181078021135
-0.5123742406766936,1.44194500580189,43.666530355185444
-2.1715714047604475,0.5457867135323555,22.28081019078488
-0.9784995458666064,-1.690671627606452,-64.64346056155806
-1.570500603623177,0.918316606002313,70.27176692703948
0.6647027453331099,1.3035079319347591,39.26334010539409
-0.5098066931908826,0.44921872128503426,22.62702937846378
2.463242112485286,0.06023020994102644,-42.367261610368175
-0.966246319753254,-0.484173951248737,-51.609857113746486
0.2314459225255723,-0.3780078990182172,1.8547571101437739
-0.047711356141979855,-0.966976143129213,-18.248170826474528
-0.6771617115121117,0.07580455819372633,-12.223410989948796
-0.4561208274741882,-1.2961166642498945,-79.10649103938471
-0.06413834659299254,-0.7542758500193579,-52.63519399451622
0.06980208499001891,-0.6002168771587947,-12.39488925057982
-0.5182702182736474,1.477894044741516,74.50903152106036
1.7958776730955217,1.5475052013300616,35.617893451975334
-1.2021495260760888,0.20438903160297678,-14.680346850113702
-0.2084682105404079,-1.4840566649243352,-74.78855855689329
-1.245738778711988,0.21409374413020396,23.200374017741094
0.1846338585323042,-1.6074832345612275,-42.949488398335184
1.592669998282884,-0.4884760801103597,-74.481229893504
-1.3495762115515322,1.0819848092499422,19.880867153786436
0.6897078052451944,-1.2922626951056186,-1.304206605961185
0.645215585950057,0.5211224283793383,33.96940547000831
0.49968511030293383,0.23940450053537707,25.342891423031304
-0.6414869090443096,0.01914777741575206,1.6670342140084458
0.9153902755601617,-0.8330560570007587,-69.32908526881731
-0.46770120131189136,1.1608267873785194,11.727451250724227
-0.5924642591528942,-1.234348871879922,-12.571889919583397
-0.8206823183517105,1.158595579007404,53.09210183725443
1.057368305378225,1.218194711754256,74.81247782479433
